name,e,f_failed,r_failed,v_failed,nc_failed
C/2000 O1 (Koehn),1.00000217,0,0,0,63
C/2003 C6 (SOHO),1.0,1,1,1,0
C/2003 C5 (SOHO),1.0,7,257,1,0
C/2003 D1 (SOHO),1.0,1,0,1,0
C/2002 Q12 (SOHO),1.0,3,23,1,0
C/2002 Q13 (SOHO),1.0,1,1,1,0
C/2003 J5 (SOHO),1.0,1,1,1,0
C/2003 J6 (SOHO),1.0,3,1,1,0
C/2002 Q14 (SOHO),1.0,3,1,1,0
C/2003 J4 (SOHO),1.0,3,23,1,0
C/2002 Q11 (SOHO),1.0,1,0,1,0
C/2002 M1 (SOHO),1.0,1,0,1,0
C/2002 W10 (SOHO),1.0,3,1,1,0
C/2003 C4 (SOHO),1.0,1,1,1,0
C/2003 J3 (SOHO),1.0,3,23,1,0
C/2002 R7 (SOHO),1.0,1,0,1,0
C/2002 S2 (SOHO),1.0,1,1,1,0
C/2003 B2 (SOHO),1.0,7,257,1,0
C/2002 R8 (SOHO),1.0,1,0,0,0
C/2003 M7 (SOHO),1.0,3,23,1,0
C/2003 B3 (SOHO),1.0,1,1,1,0
C/2003 M8 (SOHO),1.0,1,1,1,0
C/2003 C1 (SOHO),1.0,7,257,1,0
C/2002 R6 (SOHO),1.0,1,1,1,0
C/2003 J7 (SOHO),1.0,1,0,1,0
C/2003 C2 (SOHO),1.0,5,177,1,0
C/2003 M9 (SOHO),1.0,1,1,1,0
C/2003 C3 (SOHO),1.0,3,23,1,0
C/2003 M10 (SOHO),1.0,1,1,1,0
C/2003 J9 (SOHO),1.0,3,23,1,0
C/2003 J8 (SOHO),1.0,3,23,1,0
C/2002 Q8 (SOHO),1.0,1,0,0,0
C/2002 Q9 (SOHO),1.0,1,0,0,0
C/2003 F4 (SOHO),1.0,1,1,1,0
C/2002 N1 (SOHO),1.0,1,1,1,0
C/2002 M8 (SOHO),1.0,1,1,1,0
C/2002 M7 (SOHO),1.0,7,257,1,0
C/2003 F5 (SOHO),1.0,7,257,1,0
C/2002 M6 (SOHO),1.0,7,257,1,0
C/2003 H8 (SOHO),1.0,3,23,1,0
C/2002 M5 (SOHO),1.0,1,1,1,0
C/2002 O1 (SOHO),1.0,1,0,1,0
C/2002 M4 (SOHO),1.0,1,1,1,0
C/2003 H6 (SOHO),1.0,1,0,0,0
C/2002 M3 (SOHO),1.0,3,7,1,0
C/2003 G3 (SOHO),1.0,1,0,0,0
C/2003 G4 (SOHO),1.0,3,23,1,0
C/2003 G5 (SOHO),1.0,1,1,1,0
C/2002 M2 (SOHO),1.0,1,1,1,0
C/2003 F3 (SOHO),1.0,7,257,1,0
C/2003 M6 (SOHO),1.0,3,3,1,0
C/2003 H12 (SOHO),1.0,1,1,1,0
C/2002 Q7 (SOHO),1.0,7,257,1,0
C/2002 Q6 (SOHO),1.0,1,1,1,0
C/2007 M5 (SOHO),1.0,74,4989,35,0
C/2003 E2 (SOHO),1.0,7,257,1,0
C/2002 P3 (SOHO),1.0,1,0,0,0
P/2002 P2 (SOHO),1.0,7,257,1,0
C/2003 J2 (SOHO),1.0,1,1,1,0
C/2003 M11 (SOHO),1.0,1,0,1,0
C/2003 H9 (SOHO),1.0,1,1,1,0
C/2003 E3 (SOHO),1.0,1,1,1,0
C/2003 E4 (SOHO),1.0,3,23,1,0
C/2003 H11 (SOHO),1.0,1,1,1,0
C/2002 O3 (SOHO),1.0,1,1,1,0
C/2002 O2 (SOHO),1.0,7,257,1,0
C/2007 M4 (SOHO),1.0,1,1,1,0
C/2003 H10 (SOHO),1.0,3,23,1,0
C/2002 S3 (SOHO),1.0,1,1,1,0
C/2003 A5 (SOHO),1.0,1,1,1,0
C/2002 U9 (SOHO),1.0,3,23,1,0
C/2002 X3 (SOHO),1.0,1,0,1,0
C/2002 V4 (SOHO),1.0,1,0,0,0
C/2003 L6 (SOHO),1.0,3,23,1,0
C/2002 X4 (SOHO),1.0,1,0,1,0
C/2002 V3 (SOHO),1.0,1,1,1,0
C/2003 L4 (SOHO),1.0,3,23,1,0
C/2002 X6 (SOHO),1.0,1,0,0,0
C/2003 L7 (SOHO),1.0,1,1,1,0
C/2002 V6 (SOHO),1.0,3,1,1,0
C/2003 L3 (SOHO),1.0,3,23,1,0
C/2002 U8 (SOHO),1.0,1,1,1,0
C/2002 U7 (SOHO),1.0,1,1,1,0
C/2002 X7 (SOHO),1.0,1,0,1,0
C/2002 X8 (SOHO),1.0,7,257,1,0
C/2003 L8 (SOHO),1.0,1,1,1,0
C/2002 X9 (SOHO),1.0,1,0,1,0
C/2002 V7 (SOHO),1.0,1,0,1,0
C/2002 X10 (SOHO),1.0,3,23,1,0
C/2002 W4 (SOHO),1.0,1,1,1,0
C/2002 W8 (SOHO),1.0,3,1,1,0
C/2002 W7 (SOHO),1.0,1,1,1,0
C/2002 W11 (SOHO),1.0,1,1,1,0
C/2002 W6 (SOHO),1.0,1,1,1,0
C/2002 W5 (SOHO),1.0,7,257,1,0
C/2002 W12 (SOHO),1.0,7,257,1,0
C/2002 W13 (SOHO),1.0,3,23,1,0
C/2002 W14 (SOHO),1.0,3,23,1,0
C/2003 L5 (SOHO),1.0,3,23,1,0
C/2002 W3 (SOHO),1.0,1,1,1,0
C/2002 W15 (SOHO),1.0,1,1,1,0
C/2002 W2 (SOHO),1.0,1,1,1,0
C/2002 W1 (SOHO),1.0,1,1,1,0
C/2007 M6 (SOHO),1.0,1,1,1,0
C/2002 W16 (SOHO),1.0,3,1,1,0
C/2002 U6 (SOHO),1.0,1,0,0,0
C/2002 X11 (SOHO),1.0,3,23,1,0
C/2002 W9 (SOHO),1.0,1,1,1,0
C/2002 T2 (SOHO),1.0,1,0,0,0
C/2003 M2 (SOHO),1.0,1,1,1,0
C/2003 K7 (SOHO),1.0,1,1,1,0
C/2002 S11 (SOHO),1.0,1,0,0,0
C/2002 S10 (SOHO),1.0,1,0,1,0
C/2003 M3 (SOHO),1.0,7,387,1,0
C/2002 S9 (SOHO),1.0,7,257,1,0
C/2002 S8 (SOHO),1.0,1,1,1,0
C/2003 K9 (SOHO),1.0,5,209,1,0
C/2003 A3 (SOHO),1.0,3,1,1,0
C/2002 S6 (SOHO),1.0,3,23,1,0
C/2003 M4 (SOHO),1.0,1,0,1,0
C/2003 M5 (SOHO),1.0,1,1,1,0
C/2003 A4 (SOHO),1.0,3,3,1,0
C/2003 K8 (SOHO),1.0,1,1,1,0
C/2003 K10 (SOHO),1.0,3,23,1,0
C/2002 U5 (SOHO),1.0,3,23,1,0
C/2002 X15 (SOHO),1.0,1,1,1,0
C/2002 U4 (SOHO),1.0,1,1,1,0
C/2002 X12 (SOHO),1.0,1,1,1,0
C/2003 K13 (SOHO),1.0,1,1,1,0
C/2002 U3 (SOHO),1.0,1,1,1,0
C/2002 X13 (SOHO),1.0,3,23,1,0
C/2002 X14 (SOHO),1.0,5,53,1,0
C/2002 U1 (SOHO),1.0,3,13,1,0
C/2002 X16 (SOHO),1.0,1,1,1,0
C/2002 Y4 (SOHO),1.0,3,1,1,0
C/2003 K12 (SOHO),1.0,1,0,1,0
C/2003 M1 (SOHO),1.0,7,387,1,0
C/2003 K11 (SOHO),1.0,3,23,1,0
C/2002 Y2 (SOHO),1.0,1,0,0,0
C/2007 M7 (SOHO),1.0,1,1,1,0
C/2002 T3 (SOHO),1.0,3,1,1,0
C/2002 Y3 (SOHO),1.0,7,257,1,0
C/2002 W17 (SOHO),1.0,3,5,1,0
C/2002 H3 (SOHO),1.0,1,1,1,0
C/2002 L8 (SOHO),1.0,1,1,1,0
C/2000 L6 (SOHO),1.0,1,0,1,0
C/2000 K7 (SOHO),1.0,1,1,1,0
C/2000 K8 (SOHO),1.0,1,1,1,0
C/2000 L1 (SOHO),1.0,1,1,1,0
C/2000 L2 (SOHO),1.0,3,5,1,0
C/2000 L3 (SOHO),1.0,1,1,1,0
C/2000 L4 (SOHO),1.0,3,7,1,0
C/2000 L5 (SOHO),1.0,1,1,1,0
C/2000 M1 (SOHO),1.0,3,1,1,0
C/2000 N1 (SOHO),1.0,7,257,1,0
C/2000 M2 (SOHO),1.0,1,0,1,0
C/2000 M3 (SOHO),1.0,1,1,1,0
C/2000 M4 (SOHO),1.0,3,1,1,0
C/2000 M5 (SOHO),1.0,1,1,1,0
C/2000 M6 (SOHO),1.0,3,23,1,0
C/2000 M7 (SOHO),1.0,3,1,1,0
C/2000 M8 (SOHO),1.0,3,23,1,0
C/2000 K6 (SOHO),1.0,1,1,1,0
C/2000 K5 (SOHO),1.0,3,1,1,0
C/2000 K4 (SOHO),1.0,3,1,1,0
C/2000 K3 (SOHO),1.0,1,1,1,0
C/2000 G3 (SOHO),1.0,1,1,1,0
C/2000 H2 (SOHO),1.0,3,1,1,0
C/2000 H3 (SOHO),1.0,3,23,1,0
C/2000 H4 (SOHO),1.0,7,257,1,0
C/2000 H5 (SOHO),1.0,3,23,1,0
C/2000 H6 (SOHO),1.0,1,1,1,0
C/2000 H7 (SOHO),1.0,1,1,1,0
C/2007 Q5 (SOHO),1.0,3,13,1,0
C/2000 J3 (SOHO),1.0,1,1,1,0
C/2000 J4 (SOHO),1.0,3,7,1,0
C/2000 J5 (SOHO),1.0,1,0,1,0
C/2000 J6 (SOHO),1.0,1,1,1,0
C/2000 J7 (SOHO),1.0,3,1,1,0
C/2000 M9 (SOHO),1.0,1,1,1,0
C/2000 N2 (SOHO),1.0,1,1,1,0
C/2002 L7 (SOHO),1.0,1,1,1,0
C/2000 X3 (SOHO),1.0,3,5,1,0
C/2000 W2 (SOHO),1.0,1,1,1,0
C/2000 W3 (SOHO),1.0,1,1,1,0
C/2000 W4 (SOHO),1.0,1,1,1,0
C/2000 W5 (SOHO),1.0,7,257,1,0
C/2000 X1 (SOHO),1.0,3,23,1,0
C/2000 X2 (SOHO),1.0,3,1,1,0
C/2000 X4 (SOHO),1.0,3,13,1,0
C/2000 N3 (SOHO),1.0,3,23,1,0
C/2000 X5 (SOHO),1.0,3,1,1,0
C/2000 X6 (SOHO),1.0,3,1,1,0
C/2000 X7 (SOHO),1.0,3,13,1,0
C/2000 X8 (SOHO),1.0,1,1,1,0
C/2000 Y4 (SOHO),1.0,1,1,1,0
C/2000 Y5 (SOHO),1.0,1,1,1,0
C/2000 V3 (SOHO),1.0,1,1,1,0
C/2000 V2 (SOHO),1.0,1,1,1,0
C/2000 V1 (SOHO),1.0,3,5,1,0
C/2000 U4 (SOHO),1.0,3,23,1,0
C/2000 P1 (SOHO),1.0,7,257,1,0
C/2000 P2 (SOHO),1.0,3,23,1,0
C/2000 Q1 (SOHO),1.0,1,0,0,0
C/2007 Q4 (SOHO),1.0,7,257,1,0
C/2000 S6 (SOHO),1.0,3,23,1,0
C/2000 T1 (SOHO),1.0,1,1,1,0
C/2000 T3 (SOHO),1.0,1,1,1,0
C/2000 T4 (SOHO),1.0,1,1,1,0
C/2000 T5 (SOHO),1.0,3,5,1,0
C/2000 T6 (SOHO),1.0,7,257,1,0
C/2000 U1 (SOHO),1.0,1,1,1,0
C/2000 U2 (SOHO),1.0,1,1,1,0
C/2000 U3 (SOHO),1.0,1,0,1,0
C/2007 Q6 (SOHO),1.0,7,257,1,0
C/2000 F3 (SOHO),1.0,1,0,1,0
C/2000 F2 (SOHO),1.0,1,1,1,0
C/1999 P6 (SOHO),1.0,1,0,0,0
C/1999 O2 (SOHO),1.0,1,1,1,0
C/1999 O3 (SOHO),1.0,1,0,1,0
C/1999 O4 (SOHO),1.0,1,0,0,0
C/1999 P2 (SOHO),1.0,1,0,0,0
C/1999 P3 (SOHO),1.0,1,1,1,0
C/1999 P4 (SOHO),1.0,3,23,1,0
C/1999 P5 (SOHO),1.0,1,1,1,0
C/2000 F1 (SOHO),1.0,3,19,1,0
C/1999 P8 (SOHO),1.0,1,0,0,0
C/1999 P9 (SOHO),1.0,1,0,0,0
C/1999 Q1 (SOHO),1.0,1,1,1,0
C/1999 Q2 (SOHO),1.0,3,23,1,0
C/1999 Q3 (SOHO),1.0,1,0,1,0
C/1999 R3 (SOHO),1.0,1,1,1,0
C/1999 R4 (SOHO),1.0,1,1,1,0
C/1999 O1 (SOHO),1.0,1,1,1,0
C/1999 N6 (SOHO),1.0,1,0,0,0
C/1999 N5 (SOHO),1.0,1,0,0,0
C/1999 N3 (SOHO),1.0,3,1,1,0
C/1999 K15 (SOHO),1.0,1,1,1,0
C/1999 K16 (SOHO),1.0,1,0,0,0
C/1999 K17 (SOHO),1.0,1,1,1,0
C/1999 L1 (SOHO),1.0,1,1,1,0
C/1999 L4 (SOHO),1.0,1,1,1,0
C/1999 L5 (SOHO),1.0,3,1,1,0
C/1999 L6 (SOHO),1.0,3,23,1,0
C/1999 L7 (SOHO),1.0,1,1,1,0
C/1999 L8 (SOHO),1.0,1,1,1,0
C/1999 L9 (SOHO),1.0,1,0,0,0
C/1999 M1 (SOHO),1.0,3,1,1,0
C/1999 M2 (SOHO),1.0,7,257,1,0
C/1999 M4 (SOHO),1.0,1,0,1,0
C/1999 N1 (SOHO),1.0,1,0,1,0
C/2007 R7 (SOHO),1.0,1,0,1,0
C/1999 S1 (SOHO),1.0,3,23,1,0
C/2007 R6 (SOHO),1.0,3,3,1,0
C/1999 Y3 (SOHO),1.0,3,5,1,0
C/2000 B1 (SOHO),1.0,1,1,1,0
C/2000 B5 (SOHO),1.0,1,1,1,0
C/2000 B6 (SOHO),1.0,1,0,1,0
C/2000 B7 (SOHO),1.0,3,23,1,0
C/2000 C2 (SOHO),1.0,1,0,0,0
C/2000 C3 (SOHO),1.0,1,0,0,0
C/2000 C4 (SOHO),1.0,1,0,0,0
C/2000 C5 (SOHO),1.0,1,0,0,0
C/2000 C6 (SOHO),1.0,1,1,1,0
C/2000 D1 (SOHO),1.0,1,1,1,0
C/2007 Q7 (SOHO),1.0,1,0,1,0
C/2000 D3 (SOHO),1.0,3,3,1,0
C/2000 E1 (SOHO),1.0,3,23,1,0
C/2000 A2 (SOHO),1.0,3,7,1,0
C/1999 Y2 (SOHO),1.0,1,0,0,0
C/1999 S5 (SOHO),1.0,3,23,1,0
C/2007 Q8 (SOHO),1.0,3,23,1,0
C/1999 S6 (SOHO),1.0,3,7,1,0
C/1999 S7 (SOHO),1.0,1,1,1,0
C/1999 U5 (SOHO),1.0,1,1,1,0
C/1999 U6 (SOHO),1.0,3,1,1,0
C/1999 U7 (SOHO),1.0,3,23,1,0
C/1999 U8 (SOHO),1.0,1,1,1,0
C/1999 U9 (SOHO),1.0,1,1,1,0
C/1999 V2 (SOHO),1.0,7,257,1,0
C/1999 V3 (SOHO),1.0,3,5,1,0
C/1999 V4 (SOHO),1.0,1,1,1,0
C/1999 V5 (SOHO),1.0,1,1,1,0
C/1999 W1 (SOHO),1.0,1,0,1,0
C/1999 W2 (SOHO),1.0,3,1,1,0
C/1999 X2 (SOHO),1.0,3,13,1,0
C/2007 Q9 (SOHO),1.0,1,1,1,0
C/2000 Y6 (SOHO),1.0,1,0,0,0
C/2000 Y7 (SOHO),1.0,1,0,0,0
C/2000 Y8 (SOHO),1.0,3,19,1,0
C/2001 Y4 (SOHO),1.0,1,1,1,0
C/2001 X6 (SOHO),1.0,1,0,1,0
C/2001 X7 (SOHO),1.0,1,1,1,0
C/2001 X9 (SOHO),1.0,1,1,1,0
C/2001 Y2 (SOHO),1.0,1,1,1,0
C/2001 Y3 (SOHO),1.0,1,0,1,0
C/2001 Y5 (SOHO),1.0,1,1,1,0
C/2001 T7 (SOHO),1.0,3,23,1,0
C/2007 N6 (SOHO),1.0,1,1,1,0
C/2007 N5 (SOHO),1.0,3,23,1,0
C/2002 A4 (SOHO),1.0,1,0,0,0
C/2007 N4 (SOHO),1.0,1,1,1,0
C/2002 C3 (SOHO),1.0,1,0,1,0
C/2002 C4 (SOHO),1.0,1,1,1,0
C/2002 D1 (SOHO),1.0,1,1,1,0
C/2001 X5 (SOHO),1.0,3,13,1,0
C/2001 X4 (SOHO),1.0,7,257,1,0
C/2001 W4 (SOHO),1.0,3,5,1,0
C/2001 W3 (SOHO),1.0,3,13,1,0
C/2001 U2 (SOHO),1.0,3,7,1,0
C/2001 U3 (SOHO),1.0,3,23,1,0
C/2001 U4 (SOHO),1.0,1,1,1,0
C/2001 U5 (SOHO),1.0,1,0,1,0
C/2001 U7 (SOHO),1.0,3,7,1,0
C/2001 U8 (SOHO),1.0,7,257,1,0
C/2001 U9 (SOHO),1.0,3,23,1,0
C/2001 U10 (SOHO),1.0,3,23,1,0
C/2001 V1 (SOHO),1.0,1,1,1,0
C/2001 V2 (SOHO),1.0,3,1,1,0
C/2001 V3 (SOHO),1.0,1,1,1,0
C/2001 V4 (SOHO),1.0,1,1,1,0
C/2001 V5 (SOHO),1.0,1,1,1,0
C/2001 V6 (SOHO),1.0,1,0,0,0
C/2007 N7 (SOHO),1.0,1,1,1,0
C/2002 E1 (SOHO),1.0,3,5,1,0
C/2002 E3 (SOHO),1.0,1,0,1,0
C/2007 M10 (SOHO),1.0,7,257,1,0
C/2002 J7 (SOHO),1.0,3,1,1,0
C/2002 K3 (SOHO),1.0,1,1,1,0
C/2002 K5 (SOHO),1.0,3,23,1,0
C/2002 K6 (SOHO),1.0,1,1,1,0
C/2002 K7 (SOHO),1.0,3,23,1,0
C/2002 K8 (SOHO),1.0,3,23,1,0
C/2002 K9 (SOHO),1.0,3,5,1,0
C/2002 K10 (SOHO),1.0,1,1,1,0
C/2002 K11 (SOHO),1.0,3,23,1,0
C/2002 L1 (SOHO),1.0,3,23,1,0
C/2002 L2 (SOHO),1.0,3,23,1,0
C/2002 L3 (SOHO),1.0,1,1,1,0
C/2002 L4 (SOHO),1.0,1,1,1,0
C/2002 L5 (SOHO),1.0,3,19,1,0
C/2002 L6 (SOHO),1.0,3,13,1,0
C/2002 J8 (SOHO),1.0,1,1,1,0
C/2002 J6 (SOHO),1.0,3,23,1,0
C/2002 F2 (SOHO),1.0,1,1,1,0
C/2002 J3 (SOHO),1.0,1,0,1,0
C/2002 F3 (SOHO),1.0,3,23,1,0
C/2002 G1 (SOHO),1.0,1,0,0,0
C/2002 G2 (SOHO),1.0,3,23,1,0
C/2002 G4 (SOHO),1.0,1,0,1,0
C/2002 G5 (SOHO),1.0,1,1,1,0
C/2002 H1 (SOHO),1.0,1,0,1,0
C/2007 M9 (SOHO),1.0,7,257,1,0
C/2002 H4 (SOHO),1.0,1,0,1,0
C/2002 H5 (SOHO),1.0,1,1,1,0
C/2002 H6 (SOHO),1.0,3,1,1,0
C/2002 H7 (SOHO),1.0,1,1,1,0
C/2002 H8 (SOHO),1.0,1,0,0,0
C/2002 J1 (SOHO),1.0,1,1,1,0
C/2002 J2 (SOHO),1.0,1,0,1,0
C/2001 U1 (SOHO),1.0,3,1,1,0
C/2001 T6 (SOHO),1.0,1,1,1,0
C/2000 Y9 (SOHO),1.0,1,1,1,0
C/2001 K6 (SOHO),1.0,1,1,1,0
C/2001 H8 (SOHO),1.0,3,7,1,0
C/2001 J2 (SOHO),1.0,1,0,1,0
C/2001 J3 (SOHO),1.0,1,0,0,0
C/2001 J4 (SOHO),1.0,1,0,1,0
C/2001 J5 (SOHO),1.0,1,1,1,0
C/2001 K2 (SOHO),1.0,1,1,1,0
C/2001 K4 (SOHO),1.0,3,3,1,0
C/2001 K7 (SOHO),1.0,1,1,1,0
C/2001 T5 (SOHO),1.0,1,0,0,0
C/2001 K8 (SOHO),1.0,3,1,1,0
C/2001 K9 (SOHO),1.0,1,1,1,0
C/2001 K10 (SOHO),1.0,1,1,1,0
C/2001 K11 (SOHO),1.0,1,0,0,0
C/2001 L1 (SOHO),1.0,1,1,1,0
C/2001 L2 (SOHO),1.0,1,0,1,0
C/2001 L3 (SOHO),1.0,3,23,1,0
C/2001 H7 (SOHO),1.0,1,1,1,0
C/2001 H6 (SOHO),1.0,1,1,1,0
C/2001 H4 (SOHO),1.0,1,1,1,0
C/2001 H3 (SOHO),1.0,1,1,1,0
C/2001 A3 (SOHO),1.0,1,1,1,0
C/2001 A4 (SOHO),1.0,1,1,1,0
C/2001 B3 (SOHO),1.0,3,1,1,0
C/2001 C2 (SOHO),1.0,1,1,1,0
C/2001 C3 (SOHO),1.0,1,1,1,0
C/2001 C4 (SOHO),1.0,1,1,1,0
C/2001 C5 (SOHO),1.0,1,0,0,0
C/2001 C6 (SOHO),1.0,1,1,1,0
C/2001 C7 (SOHO),1.0,1,0,0,0
C/2001 E1 (SOHO),1.0,1,0,0,0
C/2001 F2 (SOHO),1.0,7,257,1,0
C/2001 G2 (SOHO),1.0,1,1,1,0
C/2001 G3 (SOHO),1.0,1,1,1,0
C/2001 H1 (SOHO),1.0,1,0,0,0
C/2001 H2 (SOHO),1.0,1,1,1,0
C/2001 L4 (SOHO),1.0,1,1,1,0
C/2001 L5 (SOHO),1.0,1,1,1,0
C/2001 L6 (SOHO),1.0,7,257,1,0
C/2001 P2 (SOHO),1.0,3,23,1,0
C/2001 Q9 (SOHO),1.0,3,3,1,0
C/2001 R2 (SOHO),1.0,3,23,1,0
C/2001 R4 (SOHO),1.0,1,1,1,0
C/2001 R5 (SOHO),1.0,1,1,1,0
C/2007 N8 (SOHO),1.0,7,257,1,0
C/2001 S2 (SOHO),1.0,1,1,1,0
C/2001 S3 (SOHO),1.0,3,23,1,0
C/2001 T1 (SOHO),1.0,1,0,0,0
C/2001 T2 (SOHO),1.0,1,1,1,0
C/2007 O3 (SOHO),1.0,1,1,1,0
C/2001 P1 (SOHO),1.0,1,0,1,0
C/2001 L7 (SOHO),1.0,7,257,1,0
C/2007 O4 (SOHO),1.0,1,1,1,0
C/2001 L8 (SOHO),1.0,3,13,1,0
C/2001 L9 (SOHO),1.0,1,1,1,0
C/2001 L11 (SOHO),1.0,3,23,1,0
C/2001 M2 (SOHO),1.0,3,13,1,0
C/2001 M3 (SOHO),1.0,3,23,1,0
C/2001 M4 (SOHO),1.0,1,1,1,0
C/2001 M5 (SOHO),1.0,1,0,1,0
C/2001 M6 (SOHO),1.0,1,1,1,0
C/2001 M7 (SOHO),1.0,1,1,1,0
C/2001 M8 (SOHO),1.0,5,147,1,0
C/2001 M9 (SOHO),1.0,1,1,1,0
C/2001 M11 (SOHO),1.0,3,7,1,0
C/2001 N1 (SOHO),1.0,1,0,1,0
C/2001 O1 (SOHO),1.0,1,1,1,0
C/2001 R3 (SOHO),1.0,1,1,1,0
C/2003 Y9 (SOHO),1.0,1,1,1,0
C/2003 M12 (SOHO),1.0,1,1,1,0
C/2005 U3 (SOHO),1.0,1,0,1,0
C/2005 W12 (SOHO),1.0,1,1,1,0
C/2005 W13 (SOHO),1.0,7,257,1,0
C/2005 W14 (SOHO),1.0,7,257,1,0
C/2005 W15 (SOHO),1.0,3,3,1,0
C/2005 W16 (SOHO),1.0,7,387,1,0
C/2005 W17 (SOHO),1.0,3,23,1,0
C/2005 X2 (SOHO),1.0,1,1,1,0
C/2005 X3 (SOHO),1.0,3,23,1,0
C/2005 X4 (SOHO),1.0,1,1,1,0
C/2005 X5 (SOHO),1.0,7,387,1,0
C/2005 X6 (SOHO),1.0,3,23,1,0
C/2005 X7 (SOHO),1.0,1,1,1,0
C/2005 X8 (SOHO),1.0,7,257,1,0
C/2005 X9 (SOHO),1.0,7,257,1,0
C/2005 Y3 (SOHO),1.0,1,1,1,0
C/2005 Y4 (SOHO),1.0,3,23,1,0
C/2005 W10 (SOHO),1.0,3,23,1,0
C/2005 W9 (SOHO),1.0,1,0,0,0
C/2005 V5 (SOHO),1.0,1,1,1,0
C/2005 U5 (SOHO),1.0,7,257,1,0
C/2005 U6 (SOHO),1.0,3,5,1,0
C/2005 U7 (SOHO),1.0,1,1,1,0
C/2005 U8 (SOHO),1.0,1,1,1,0
C/2005 V2 (SOHO),1.0,1,1,1,0
C/2005 V3 (SOHO),1.0,7,257,1,0
C/2005 V4 (SOHO),1.0,7,257,1,0
C/2005 V6 (SOHO),1.0,1,0,1,0
C/2005 W8 (SOHO),1.0,7,257,1,0
C/2005 V7 (SOHO),1.0,3,23,1,0
C/2005 V9 (SOHO),1.0,3,1,1,0
C/2005 W1 (SOHO),1.0,1,0,0,0
C/2005 W5 (SOHO),1.0,1,0,0,0
C/2005 W6 (SOHO),1.0,1,1,1,0
C/2005 W7 (SOHO),1.0,1,0,1,0
C/2005 Y5 (SOHO),1.0,7,257,1,0
C/2005 Y6 (SOHO),1.0,1,1,1,0
C/2005 Y7 (SOHO),1.0,1,0,1,0
C/2006 F8 (SOHO),1.0,1,0,1,0
C/2006 E2 (SOHO),1.0,1,0,0,0
C/2006 E3 (SOHO),1.0,1,1,1,0
C/2006 E4 (SOHO),1.0,1,1,1,0
C/2006 F3 (SOHO),1.0,1,0,0,0
C/2006 F5 (SOHO),1.0,3,23,1,0
C/2006 F6 (SOHO),1.0,1,0,0,0
C/2006 F7 (SOHO),1.0,3,23,1,0
C/2006 G2 (SOHO),1.0,1,1,1,0
C/2006 D5 (SOHO),1.0,7,257,1,0
C/2006 G3 (SOHO),1.0,7,257,1,0
C/2006 H2 (SOHO),1.0,1,1,1,0
C/2006 H3 (SOHO),1.0,3,23,1,0
C/2006 H4 (SOHO),1.0,1,1,1,0
C/2006 H5 (SOHO),1.0,1,0,1,0
C/2006 H6 (SOHO),1.0,7,257,1,0
C/2006 J1 (SOHO),1.0,1,1,1,0
C/2006 D6 (SOHO),1.0,1,1,1,0
C/2006 D4 (SOHO),1.0,1,0,1,0
C/2005 Y8 (SOHO),1.0,1,0,0,0
C/2006 B2 (SOHO),1.0,1,1,1,0
C/2005 Y9 (SOHO),1.0,1,1,1,0
C/2005 Y10 (SOHO),1.0,1,1,1,0
C/2006 A4 (SOHO),1.0,1,1,1,0
C/2006 A5 (SOHO),1.0,1,1,1,0
C/2006 A6 (SOHO),1.0,3,5,1,0
C/2006 A7 (SOHO),1.0,7,257,1,0
C/2006 A8 (SOHO),1.0,1,1,1,0
C/2006 B3 (SOHO),1.0,1,0,1,0
C/2006 D3 (SOHO),1.0,3,23,1,0
C/2006 B5 (SOHO),1.0,3,23,1,0
C/2006 B6 (SOHO),1.0,3,7,1,0
C/2006 C1 (SOHO),1.0,7,257,1,0
C/2006 C2 (SOHO),1.0,3,7,1,0
C/2006 C3 (SOHO),1.0,1,0,1,0
C/2006 D2 (SOHO),1.0,3,23,1,0
C/2005 U4 (SOHO),1.0,1,1,1,0
C/2005 U2 (SOHO),1.0,3,1,1,0
C/2003 N1 (SOHO),1.0,7,257,1,0
C/2005 T11 (SOHO),1.0,1,1,1,0
C/2005 L15 (SOHO),1.0,1,1,1,0
C/2005 M2 (SOHO),1.0,1,1,1,0
C/2005 M4 (SOHO),1.0,1,1,1,0
C/2005 M5 (SOHO),1.0,1,1,1,0
C/2005 M6 (SOHO),1.0,7,257,1,0
C/2005 M7 (SOHO),1.0,1,1,1,0
C/2005 M8 (SOHO),1.0,3,7,1,0
C/2005 M9 (SOHO),1.0,1,1,1,0
C/2005 M10 (SOHO),1.0,1,1,1,0
C/2007 K13 (SOHO),1.0,7,257,1,0
C/2007 K12 (SOHO),1.0,1,0,0,0
C/2005 N6 (SOHO),1.0,1,1,1,0
C/2005 N7 (SOHO),1.0,1,1,1,0
C/2005 N8 (SOHO),1.0,7,257,1,0
C/2005 N9 (SOHO),1.0,7,257,1,0
C/2005 N10 (SOHO),1.0,1,1,1,0
C/2005 L14 (SOHO),1.0,1,1,1,0
C/2005 L13 (SOHO),1.0,3,1,1,0
C/2005 L12 (SOHO),1.0,5,53,1,0
C/2005 K9 (SOHO),1.0,1,0,0,0
C/2005 J11 (SOHO),1.0,1,1,1,0
C/2005 J12 (SOHO),1.0,1,1,1,0
C/2005 K5 (SOHO),1.0,1,1,1,0
C/2005 K6 (SOHO),1.0,1,1,1,0
C/2005 K7 (SOHO),1.0,3,23,1,0
C/2005 K8 (SOHO),1.0,1,1,1,0
C/2005 K10 (SOHO),1.0,7,257,1,0
C/2005 L11 (SOHO),1.0,1,1,1,0
C/2007 K14 (SOHO),1.0,1,1,1,0
C/2005 L5 (SOHO),1.0,3,23,1,0
C/2005 L6 (SOHO),1.0,7,257,1,0
C/2005 L7 (SOHO),1.0,5,147,1,0
C/2005 L8 (SOHO),1.0,1,0,1,0
C/2005 L9 (SOHO),1.0,1,1,1,0
C/2005 L10 (SOHO),1.0,3,1,1,0
C/2007 K11 (SOHO),1.0,1,1,1,0
C/2007 K10 (SOHO),1.0,3,1,1,0
C/2005 O3 (SOHO),1.0,3,23,1,0
C/2005 S12 (SOHO),1.0,1,1,1,0
C/2005 S5 (SOHO),1.0,1,1,1,0
C/2005 S6 (SOHO),1.0,1,1,1,0
C/2005 S7 (SOHO),1.0,1,1,1,0
C/2005 S8 (SOHO),1.0,7,257,1,0
C/2005 S9 (SOHO),1.0,1,0,1,0
C/2005 S10 (SOHO),1.0,1,0,1,0
C/2005 S11 (SOHO),1.0,1,0,1,0
C/2005 S13 (SOHO),1.0,3,1,1,0
C/2005 S1 (SOHO),1.0,1,1,1,0
C/2007 K8 (SOHO),1.0,1,1,1,0
C/2007 K7 (SOHO),1.0,1,0,1,0
C/2005 T6 (SOHO),1.0,3,7,1,0
C/2005 T7 (SOHO),1.0,1,1,1,0
C/2005 T8 (SOHO),1.0,1,0,1,0
C/2005 T10 (SOHO),1.0,1,1,1,0
C/2007 K9 (SOHO),1.0,1,1,1,0
C/2005 R7 (SOHO),1.0,7,257,1,0
C/2005 O4 (SOHO),1.0,1,1,1,0
C/2005 O6 (SOHO),1.0,1,1,1,0
C/2005 P1 (SOHO),1.0,7,257,1,0
C/2005 P2 (SOHO),1.0,1,1,1,0
C/2005 P4 (SOHO),1.0,1,1,1,0
C/2005 P5 (SOHO),1.0,7,257,1,0
C/2005 P6 (SOHO),1.0,3,23,1,0
C/2005 R6 (SOHO),1.0,1,1,1,0
C/2005 Q5 (SOHO),1.0,1,1,1,0
C/2005 Q6 (SOHO),1.0,1,0,0,0
C/2005 Q7 (SOHO),1.0,1,1,1,0
C/2005 Q9 (SOHO),1.0,1,1,1,0
C/2005 Q10 (SOHO),1.0,1,1,1,0
C/2005 R5 (SOHO),1.0,1,1,1,0
C/2006 J2 (SOHO),1.0,1,1,1,0
C/2006 J3 (SOHO),1.0,7,257,1,0
C/2006 J4 (SOHO),1.0,3,23,1,0
C/2006 J5 (SOHO),1.0,1,0,0,0
C/2006 X11 (SOHO),1.0,1,1,1,0
C/2006 Y3 (SOHO),1.0,3,1,1,0
C/2006 Y4 (SOHO),1.0,3,23,1,0
C/2006 Y5 (SOHO),1.0,1,1,1,0
C/2006 Y6 (SOHO),1.0,1,1,1,0
C/2006 Y7 (SOHO),1.0,1,1,1,0
C/2006 Y8 (SOHO),1.0,1,1,1,0
C/2006 Y9 (SOHO),1.0,3,23,1,0
C/2006 Y10 (SOHO),1.0,1,1,1,0
C/2006 Y11 (SOHO),1.0,3,7,1,0
C/2006 Y12 (SOHO),1.0,7,257,1,0
C/2006 Y13 (SOHO),1.0,3,23,1,0
C/2006 Y14 (SOHO),1.0,7,257,1,0
C/2006 Y15 (SOHO),1.0,7,257,1,0
C/2006 Y16 (SOHO),1.0,7,257,1,0
C/2006 Y17 (SOHO),1.0,1,1,1,0
C/2006 X9 (SOHO),1.0,1,1,1,0
C/2006 X8 (SOHO),1.0,1,1,1,0
C/2006 X7 (SOHO),1.0,7,387,1,0
C/2006 W5 (SOHO),1.0,1,1,1,0
C/2006 V4 (SOHO),1.0,1,1,1,0
C/2006 V5 (SOHO),1.0,1,1,1,0
C/2006 V6 (SOHO),1.0,1,0,1,0
C/2006 V7 (SOHO),1.0,3,23,1,0
C/2006 V8 (SOHO),1.0,1,1,1,0
C/2006 V9 (SOHO),1.0,1,0,1,0
C/2006 V10 (SOHO),1.0,1,1,1,0
C/2006 W6 (SOHO),1.0,1,0,1,0
C/2006 X6 (SOHO),1.0,1,1,1,0
C/2006 W7 (SOHO),1.0,3,1,1,0
C/2007 J11 (SOHO),1.0,7,257,1,0
C/2006 X2 (SOHO),1.0,3,1,1,0
C/2006 X3 (SOHO),1.0,1,0,1,0
C/2006 X4 (SOHO),1.0,5,177,1,0
C/2006 X5 (SOHO),1.0,3,23,1,0
C/2007 A4 (SOHO),1.0,7,257,1,0
C/2007 A5 (SOHO),1.0,1,1,1,0
C/2007 H7 (SOHO),1.0,3,23,1,0
C/2007 F3 (SOHO),1.0,1,0,1,0
C/2007 F5 (SOHO),1.0,1,0,1,0
C/2007 G2 (SOHO),1.0,1,1,1,0
C/2007 H4 (SOHO),1.0,1,0,1,0
C/2007 H5 (SOHO),1.0,1,1,1,0
C/2007 H6 (SOHO),1.0,1,0,1,0
C/2007 H8 (SOHO),1.0,1,1,1,0
C/2007 E5 (SOHO),1.0,1,1,1,0
C/2007 H9 (SOHO),1.0,3,23,1,0
C/2007 J2 (SOHO),1.0,1,0,1,0
C/2007 J3 (SOHO),1.0,1,0,1,0
C/2007 J4 (SOHO),1.0,1,1,1,0
C/2007 J5 (SOHO),1.0,1,1,1,0
C/2007 J6 (SOHO),1.0,3,3,1,0
C/2007 F2 (SOHO),1.0,1,1,1,0
C/2007 E4 (SOHO),1.0,5,147,1,0
C/2007 A7 (SOHO),1.0,1,0,0,0
C/2007 C6 (SOHO),1.0,1,0,1,0
C/2007 B4 (SOHO),1.0,3,23,1,0
C/2007 B5 (SOHO),1.0,1,1,1,0
C/2007 B6 (SOHO),1.0,7,257,1,0
C/2007 J10 (SOHO),1.0,1,0,1,0
C/2007 C3 (SOHO),1.0,7,257,1,0
C/2007 C4 (SOHO),1.0,1,1,1,0
C/2007 C5 (SOHO),1.0,1,1,1,0
C/2007 C7 (SOHO),1.0,1,0,0,0
C/2007 D5 (SOHO),1.0,3,23,1,0
C/2007 C8 (SOHO),1.0,1,0,1,0
C/2007 C9 (SOHO),1.0,3,23,1,0
C/2007 C11 (SOHO),1.0,7,257,1,0
C/2007 C13 (SOHO),1.0,7,257,1,0
C/2007 D4 (SOHO),1.0,1,1,1,0
C/2006 V3 (SOHO),1.0,1,1,1,0
C/2006 V2 (SOHO),1.0,3,23,1,0
C/2006 U16 (SOHO),1.0,1,1,1,0
C/2006 L6 (SOHO),1.0,3,23,1,0
C/2006 K18 (SOHO),1.0,3,3,1,0
C/2006 K19 (SOHO),1.0,1,1,1,0
C/2006 K20 (SOHO),1.0,1,1,1,0
C/2006 K21 (SOHO),1.0,7,257,1,0
C/2006 L3 (SOHO),1.0,7,257,1,0
C/2006 L4 (SOHO),1.0,3,23,1,0
C/2006 L5 (SOHO),1.0,1,1,1,0
C/2006 L7 (SOHO),1.0,3,23,1,0
C/2006 K16 (SOHO),1.0,3,23,1,0
C/2006 L8 (SOHO),1.0,7,257,1,0
C/2006 M5 (SOHO),1.0,7,257,1,0
C/2006 M6 (SOHO),1.0,7,257,1,0
C/2006 M7 (SOHO),1.0,7,257,1,0
C/2006 M8 (SOHO),1.0,1,1,1,0
C/2006 M9 (SOHO),1.0,7,257,1,0
C/2006 N1 (SOHO),1.0,3,5,1,0
C/2006 K17 (SOHO),1.0,1,1,1,0
C/2006 K15 (SOHO),1.0,1,1,1,0
C/2006 N3 (SOHO),1.0,1,1,1,0
C/2006 K5 (SOHO),1.0,1,0,0,0
C/2006 J6 (SOHO),1.0,1,1,1,0
C/2006 J7 (SOHO),1.0,3,23,1,0
C/2006 J8 (SOHO),1.0,3,23,1,0
C/2006 J9 (SOHO),1.0,3,1,1,0
C/2006 J10 (SOHO),1.0,1,1,1,0
C/2006 J11 (SOHO),1.0,7,257,1,0
C/2006 J12 (SOHO),1.0,1,1,1,0
C/2006 K6 (SOHO),1.0,1,1,1,0
C/2006 K14 (SOHO),1.0,1,0,1,0
C/2006 K7 (SOHO),1.0,3,3,1,0
C/2006 K8 (SOHO),1.0,7,257,1,0
C/2006 K9 (SOHO),1.0,1,1,1,0
C/2006 K10 (SOHO),1.0,7,257,1,0
C/2006 K11 (SOHO),1.0,1,1,1,0
C/2006 K12 (SOHO),1.0,1,1,1,0
C/2006 K13 (SOHO),1.0,1,0,1,0
C/2006 N2 (SOHO),1.0,3,1,1,0
C/2006 O3 (SOHO),1.0,1,1,1,0
C/2006 U15 (SOHO),1.0,1,1,1,0
C/2006 T10 (SOHO),1.0,1,1,1,0
C/2006 T3 (SOHO),1.0,1,1,1,0
C/2006 T4 (SOHO),1.0,1,1,1,0
C/2006 T5 (SOHO),1.0,7,257,1,0
C/2006 T6 (SOHO),1.0,1,0,0,0
C/2006 T7 (SOHO),1.0,1,1,1,0
C/2006 T8 (SOHO),1.0,1,0,1,0
C/2006 T9 (SOHO),1.0,3,23,1,0
C/2007 J12 (SOHO),1.0,1,1,1,0
C/2006 S13 (SOHO),1.0,3,23,1,0
C/2006 U8 (SOHO),1.0,3,23,1,0
C/2006 U9 (SOHO),1.0,1,1,1,0
C/2006 U10 (SOHO),1.0,1,0,0,0
C/2006 U11 (SOHO),1.0,1,1,1,0
C/2006 U12 (SOHO),1.0,1,1,1,0
C/2006 U13 (SOHO),1.0,1,1,1,0
C/2006 U14 (SOHO),1.0,1,1,1,0
C/2006 T2 (SOHO),1.0,1,1,1,0
C/2006 S12 (SOHO),1.0,1,0,1,0
C/2006 O4 (SOHO),1.0,1,1,1,0
C/2006 P5 (SOHO),1.0,3,23,1,0
C/2006 O5 (SOHO),1.0,1,1,1,0
C/2006 O6 (SOHO),1.0,7,257,1,0
C/2006 O7 (SOHO),1.0,3,1,1,0
C/2006 O8 (SOHO),1.0,1,0,1,0
C/2006 P2 (SOHO),1.0,1,1,1,0
C/2006 P3 (SOHO),1.0,3,23,1,0
C/2006 P4 (SOHO),1.0,3,23,1,0
C/2006 P6 (SOHO),1.0,1,1,1,0
C/2006 S11 (SOHO),1.0,1,1,1,0
C/2006 P7 (SOHO),1.0,1,1,1,0
C/2006 R3 (SOHO),1.0,1,0,0,0
C/2006 R4 (SOHO),1.0,3,23,1,0
C/2006 S7 (SOHO),1.0,1,1,1,0
C/2006 S8 (SOHO),1.0,1,0,1,0
C/2006 S9 (SOHO),1.0,3,23,1,0
C/2006 S10 (SOHO),1.0,7,257,1,0
C/2005 J10 (SOHO),1.0,1,1,1,0
C/2005 J9 (SOHO),1.0,1,1,1,0
C/2005 J8 (SOHO),1.0,1,1,1,0
C/2004 K5 (SOHO),1.0,1,1,1,0
C/2004 B11 (SOHO),1.0,3,3,1,0
C/2007 L5 (SOHO),1.0,1,1,1,0
C/2004 C2 (SOHO),1.0,1,0,0,0
C/2004 C3 (SOHO),1.0,3,23,1,0
C/2004 C4 (SOHO),1.0,1,0,1,0
C/2004 C5 (SOHO),1.0,3,23,1,0
C/2004 C6 (SOHO),1.0,1,1,1,0
C/2004 C7 (SOHO),1.0,7,257,1,0
C/2004 C8 (SOHO),1.0,3,23,1,0
C/2004 D2 (SOHO),1.0,1,1,1,0
C/2004 D3 (SOHO),1.0,1,1,1,0
C/2004 D4 (SOHO),1.0,3,23,1,0
C/2007 L4 (SOHO),1.0,1,1,1,0
C/2007 L3 (SOHO),1.0,1,0,1,0
C/2004 E1 (SOHO),1.0,1,1,1,0
C/2004 E3 (SOHO),1.0,3,23,1,0
C/2004 E4 (SOHO),1.0,1,1,1,0
C/2004 B10 (SOHO),1.0,1,1,1,0
C/2004 B9 (SOHO),1.0,1,1,1,0
C/2004 B8 (SOHO),1.0,3,23,1,0
C/2007 L6 (SOHO),1.0,1,1,1,0
C/1999 K13 (SOHO),1.0,1,1,1,0
C/2003 Y10 (SOHO),1.0,1,1,1,0
C/2003 Y11 (SOHO),1.0,1,1,1,0
C/2003 Y12 (SOHO),1.0,7,257,1,0
C/2003 Y13 (SOHO),1.0,3,5,1,0
C/2003 Y14 (SOHO),1.0,7,257,1,0
C/2003 Y15 (SOHO),1.0,1,1,1,0
C/2004 A2 (SOHO),1.0,1,1,1,0
C/2004 B7 (SOHO),1.0,1,1,1,0
C/2004 A3 (SOHO),1.0,1,0,0,0
C/2004 A4 (SOHO),1.0,1,1,1,0
C/2004 B2 (SOHO),1.0,1,0,0,0
C/2004 B3 (SOHO),1.0,1,0,0,0
C/2004 B4 (SOHO),1.0,1,1,1,0
C/2004 B5 (SOHO),1.0,1,1,1,0
C/2004 B6 (SOHO),1.0,1,1,1,0
C/2004 E5 (SOHO),1.0,3,23,1,0
C/2004 F5 (SOHO),1.0,3,23,1,0
C/2004 F6 (SOHO),1.0,3,19,1,0
C/2004 J12 (SOHO),1.0,1,0,0,0
C/2004 J5 (SOHO),1.0,7,257,1,0
C/2004 J6 (SOHO),1.0,1,1,1,0
C/2004 J7 (SOHO),1.0,1,1,1,0
C/2004 J8 (SOHO),1.0,1,1,1,0
C/2004 J9 (SOHO),1.0,1,1,1,0
C/2004 J10 (SOHO),1.0,3,1,1,0
C/2004 J11 (SOHO),1.0,3,23,1,0
C/2004 J3 (SOHO),1.0,3,23,1,0
C/2004 J14 (SOHO),1.0,1,1,1,0
C/2004 J17 (SOHO),1.0,1,0,0,0
C/2004 J19 (SOHO),1.0,3,23,1,0
C/2004 J2 (SOHO),1.0,1,1,1,0
C/2004 F7 (SOHO),1.0,3,23,1,0
C/2004 G8 (SOHO),1.0,3,23,1,0
C/2007 L2 (SOHO),1.0,5,35,1,0
C/2004 G2 (SOHO),1.0,1,0,0,0
C/2004 G3 (SOHO),1.0,1,1,1,0
C/2004 G4 (SOHO),1.0,1,1,1,0
C/2004 G5 (SOHO),1.0,1,0,1,0
C/2004 G6 (SOHO),1.0,1,1,1,0
C/2004 G7 (SOHO),1.0,1,1,1,0
C/2004 G9 (SOHO),1.0,1,0,1,0
C/2004 J1 (SOHO),1.0,1,1,1,0
C/2004 H4 (SOHO),1.0,1,0,0,0
C/2004 H7 (SOHO),1.0,1,0,1,0
C/2004 H8 (SOHO),1.0,7,257,1,0
C/2004 H9 (SOHO),1.0,1,1,1,0
C/2004 H10 (SOHO),1.0,1,1,1,0
C/2007 L1 (SOHO),1.0,7,257,1,0
C/2003 Y8 (SOHO),1.0,3,23,1,0
C/2003 Y7 (SOHO),1.0,5,177,1,0
C/2003 Y6 (SOHO),1.0,1,1,1,0
C/2003 S6 (SOHO),1.0,3,3,1,0
C/2007 L12 (SOHO),1.0,1,1,1,0
C/2003 R2 (SOHO),1.0,3,23,1,0
C/2003 R3 (SOHO),1.0,3,23,1,0
C/2007 L11 (SOHO),1.0,1,1,1,0
C/2007 L10 (SOHO),1.0,3,23,1,0
C/2003 S5 (SOHO),1.0,3,23,1,0
C/2003 S7 (SOHO),1.0,7,257,1,0
C/2003 Q10 (SOHO),1.0,1,1,1,0
C/2003 S8 (SOHO),1.0,1,0,1,0
C/2003 S9 (SOHO),1.0,1,0,1,0
C/2003 T5 (SOHO),1.0,1,1,1,0
C/2003 T6 (SOHO),1.0,3,3,1,0
C/2003 T7 (SOHO),1.0,3,23,1,0
C/2003 T8 (SOHO),1.0,3,23,1,0
C/2003 T9 (SOHO),1.0,1,1,1,0
C/2007 L13 (SOHO),1.0,1,0,1,0
C/2003 Q9 (SOHO),1.0,1,1,1,0
C/2003 T11 (SOHO),1.0,1,1,1,0
C/2003 P2 (SOHO),1.0,1,1,1,0
C/2003 N2 (SOHO),1.0,1,1,1,0
C/2003 O4 (SOHO),1.0,1,1,1,0
C/2003 O5 (SOHO),1.0,1,1,1,0
C/2003 O6 (SOHO),1.0,3,23,1,0
C/2003 O7 (SOHO),1.0,1,1,1,0
C/2003 O8 (SOHO),1.0,1,0,1,0
C/2003 P1 (SOHO),1.0,1,1,1,0
C/2003 P3 (SOHO),1.0,3,23,1,0
C/2003 Q8 (SOHO),1.0,3,23,1,0
C/2003 Q2 (SOHO),1.0,7,257,1,0
C/2003 Q3 (SOHO),1.0,1,1,1,0
C/2003 Q4 (SOHO),1.0,1,1,1,0
C/2003 Q5 (SOHO),1.0,3,23,1,0
C/2003 Q6 (SOHO),1.0,1,0,0,0
C/2003 Q7 (SOHO),1.0,3,19,1,0
C/2003 T10 (SOHO),1.0,7,257,1,0
C/2007 L9 (SOHO),1.0,1,1,1,0
C/2003 Y5 (SOHO),1.0,1,1,1,0
C/2003 X7 (SOHO),1.0,3,23,1,0
C/2003 W8 (SOHO),1.0,3,23,1,0
C/2003 X1 (SOHO),1.0,1,1,1,0
C/2003 X2 (SOHO),1.0,3,1,1,0
C/2003 X3 (SOHO),1.0,3,23,1,0
C/2003 X4 (SOHO),1.0,1,1,1,0
C/2003 X5 (SOHO),1.0,3,1,1,0
C/2003 X6 (SOHO),1.0,7,257,1,0
C/2003 X8 (SOHO),1.0,3,23,1,0
C/2003 W6 (SOHO),1.0,1,1,1,0
C/2003 X9 (SOHO),1.0,7,257,1,0
C/2003 X10 (SOHO),1.0,1,1,1,0
C/2003 X11 (SOHO),1.0,3,23,1,0
C/2003 Y1 (SOHO),1.0,1,0,0,0
C/2003 Y2 (SOHO),1.0,1,0,1,0
C/2003 Y3 (SOHO),1.0,1,1,1,0
C/2003 Y4 (SOHO),1.0,7,257,1,0
C/2003 W7 (SOHO),1.0,7,257,1,0
C/2003 W5 (SOHO),1.0,1,1,1,0
C/2007 L8 (SOHO),1.0,3,3,1,0
C/2003 V3 (SOHO),1.0,3,23,1,0
C/2003 U4 (SOHO),1.0,1,0,0,0
C/2003 U5 (SOHO),1.0,1,0,1,0
C/2003 U6 (SOHO),1.0,3,23,1,0
C/2003 U7 (SOHO),1.0,1,1,1,0
C/2003 U8 (SOHO),1.0,3,23,1,0
C/2003 U9 (SOHO),1.0,3,23,1,0
C/2003 V2 (SOHO),1.0,3,23,1,0
C/2003 V4 (SOHO),1.0,3,23,1,0
C/2003 W4 (SOHO),1.0,1,0,1,0
C/2003 V5 (SOHO),1.0,1,0,1,0
C/2003 V6 (SOHO),1.0,3,23,1,0
C/2003 V7 (SOHO),1.0,3,23,1,0
C/2003 V8 (SOHO),1.0,7,257,1,0
C/2007 L7 (SOHO),1.0,1,1,1,0
C/2003 W3 (SOHO),1.0,1,0,1,0
C/2004 K4 (SOHO),1.0,1,0,1,0
C/2004 K6 (SOHO),1.0,3,23,1,0
C/2005 J7 (SOHO),1.0,7,257,1,0
C/2004 K7 (SOHO),1.0,3,23,1,0
C/2004 Y8 (SOHO),1.0,1,1,1,0
C/2004 Y9 (SOHO),1.0,1,0,1,0
C/2004 Y10 (SOHO),1.0,1,0,0,0
C/2004 Y11 (SOHO),1.0,1,1,1,0
C/2004 Y12 (SOHO),1.0,3,23,1,0
C/2005 A2 (SOHO),1.0,3,1,1,0
C/2005 A3 (SOHO),1.0,1,1,1,0
C/2005 A4 (SOHO),1.0,1,1,1,0
C/2005 A5 (SOHO),1.0,1,1,1,0
C/2005 B2 (SOHO),1.0,3,23,1,0
C/2005 B3 (SOHO),1.0,7,257,1,0
C/2005 B4 (SOHO),1.0,1,0,0,0
C/2005 B5 (SOHO),1.0,1,1,1,0
C/2005 B6 (SOHO),1.0,1,1,1,0
C/2005 C1 (SOHO),1.0,1,0,0,0
C/2005 C2 (SOHO),1.0,3,23,1,0
C/2005 C3 (SOHO),1.0,7,257,1,0
C/2004 Y7 (SOHO),1.0,7,257,1,0
C/2004 Y6 (SOHO),1.0,3,1,1,0
C/2004 Y5 (SOHO),1.0,1,1,1,0
C/2004 X4 (SOHO),1.0,7,257,1,0
C/2004 W5 (SOHO),1.0,1,1,1,0
C/2004 W6 (SOHO),1.0,1,0,1,0
C/2004 W7 (SOHO),1.0,1,1,1,0
C/2004 W8 (SOHO),1.0,1,1,1,0
C/2004 W9 (SOHO),1.0,7,257,1,0
C/2004 W11 (SOHO),1.0,1,1,1,0
C/2004 X5 (SOHO),1.0,3,7,1,0
C/2004 X6 (SOHO),1.0,1,1,1,0
C/2004 X8 (SOHO),1.0,1,0,1,0
C/2004 X9 (SOHO),1.0,1,1,1,0
C/2004 X10 (SOHO),1.0,1,1,1,0
C/2004 X11 (SOHO),1.0,1,1,1,0
C/2004 Y2 (SOHO),1.0,1,1,1,0
C/2004 Y3 (SOHO),1.0,1,1,1,0
C/2005 C4 (SOHO),1.0,1,0,0,0
C/2005 D2 (SOHO),1.0,3,3,1,0
C/2005 H7 (SOHO),1.0,1,0,1,0
C/2005 G7 (SOHO),1.0,7,257,1,0
C/2007 K16 (SOHO),1.0,3,13,1,0
C/2005 H3 (SOHO),1.0,7,257,1,0
C/2005 H4 (SOHO),1.0,1,1,1,0
C/2005 H5 (SOHO),1.0,1,0,1,0
C/2005 H6 (SOHO),1.0,7,257,1,0
C/2005 H8 (SOHO),1.0,1,1,1,0
C/2005 G5 (SOHO),1.0,1,1,1,0
C/2007 K15 (SOHO),1.0,1,0,0,0
C/2005 J3 (SOHO),1.0,1,1,1,0
C/2005 J4 (SOHO),1.0,1,1,1,0
C/2005 J5 (SOHO),1.0,3,23,1,0
C/2005 J6 (SOHO),1.0,3,1,1,0
C/2005 G6 (SOHO),1.0,1,1,1,0
C/2005 G4 (SOHO),1.0,1,1,1,0
C/2005 D3 (SOHO),1.0,1,1,1,0
C/2005 E7 (SOHO),1.0,1,0,1,0
C/2005 D4 (SOHO),1.0,7,257,1,0
C/2005 D5 (SOHO),1.0,3,5,1,0
C/2007 K17 (SOHO),1.0,3,23,1,0
C/2005 E3 (SOHO),1.0,3,23,1,0
C/2005 E4 (SOHO),1.0,1,0,0,0
C/2005 E5 (SOHO),1.0,1,1,1,0
C/2005 E6 (SOHO),1.0,1,1,1,0
C/2005 E8 (SOHO),1.0,1,1,1,0
C/2005 G3 (SOHO),1.0,1,0,1,0
C/2005 E9 (SOHO),1.0,3,23,1,0
C/2005 F1 (SOHO),1.0,3,1,1,0
C/2005 F2 (SOHO),1.0,1,1,1,0
C/2005 F3 (SOHO),1.0,7,257,1,0
C/2005 F4 (SOHO),1.0,1,0,1,0
C/2005 F5 (SOHO),1.0,1,1,1,0
C/2004 W4 (SOHO),1.0,3,23,1,0
C/2004 W3 (SOHO),1.0,1,1,1,0
C/2004 W2 (SOHO),1.0,1,1,1,0
C/2004 O1 (SOHO),1.0,1,0,1,0
C/2004 M7 (SOHO),1.0,1,0,1,0
C/2004 N1 (SOHO),1.0,3,23,1,0
C/2004 N2 (SOHO),1.0,5,177,1,0
C/2004 N3 (SOHO),1.0,1,1,1,0
C/2004 N4 (SOHO),1.0,1,1,1,0
C/2004 N5 (SOHO),1.0,3,1,1,0
C/2004 N6 (SOHO),1.0,7,257,1,0
C/2004 O2 (SOHO),1.0,1,1,1,0
C/2004 M5 (SOHO),1.0,1,1,1,0
C/2004 O3 (SOHO),1.0,1,1,1,0
C/2004 P2 (SOHO),1.0,3,23,1,0
C/2004 P3 (SOHO),1.0,1,1,1,0
C/2004 P4 (SOHO),1.0,1,0,1,0
C/2004 P5 (SOHO),1.0,3,7,1,0
C/2004 P6 (SOHO),1.0,3,5,1,0
C/2004 P7 (SOHO),1.0,3,23,1,0
C/2004 M6 (SOHO),1.0,3,23,1,0
C/2004 M4 (SOHO),1.0,7,257,1,0
C/2004 Q4 (SOHO),1.0,5,177,1,0
C/2004 L5 (SOHO),1.0,3,23,1,0
C/2004 K8 (SOHO),1.0,1,1,1,0
C/2004 K9 (SOHO),1.0,7,257,1,0
C/2004 K10 (SOHO),1.0,7,257,1,0
C/2004 K11 (SOHO),1.0,1,1,1,0
C/2004 K12 (SOHO),1.0,7,257,1,0
C/2004 L3 (SOHO),1.0,3,23,1,0
C/2004 L4 (SOHO),1.0,3,5,1,0
C/2004 L6 (SOHO),1.0,7,257,1,0
C/2004 M3 (SOHO),1.0,1,1,1,0
C/2004 L7 (SOHO),1.0,1,1,1,0
C/2004 L8 (SOHO),1.0,7,257,1,0
C/2004 L9 (SOHO),1.0,1,1,1,0
C/2004 L11 (SOHO),1.0,1,0,1,0
C/2004 M1 (SOHO),1.0,7,257,1,0
C/2004 M2 (SOHO),1.0,7,257,1,0
C/2004 Q3 (SOHO),1.0,7,257,1,0
C/2004 Q5 (SOHO),1.0,1,0,1,0
C/2004 W1 (SOHO),1.0,1,0,1,0
C/2007 K18 (SOHO),1.0,1,0,1,0
C/2004 U8 (SOHO),1.0,7,257,1,0
C/2004 U9 (SOHO),1.0,3,23,1,0
C/2004 U10 (SOHO),1.0,1,1,1,0
C/2004 U11 (SOHO),1.0,1,1,1,0
C/2004 U12 (SOHO),1.0,7,257,1,0
C/2007 K20 (SOHO),1.0,7,257,1,0
C/2007 K19 (SOHO),1.0,3,1,1,0
C/2004 V6 (SOHO),1.0,1,1,1,0
C/2004 U6 (SOHO),1.0,1,0,1,0
C/2004 V7 (SOHO),1.0,1,1,1,0
C/2004 V8 (SOHO),1.0,7,257,1,0
C/2004 V10 (SOHO),1.0,1,0,0,0
C/2004 V11 (SOHO),1.0,3,23,1,0
C/2004 V12 (SOHO),1.0,7,257,1,0
C/2004 V14 (SOHO),1.0,7,257,1,0
C/2004 V15 (SOHO),1.0,1,0,1,0
C/2004 U7 (SOHO),1.0,1,0,1,0
C/2004 U5 (SOHO),1.0,1,1,1,0
C/2004 Q6 (SOHO),1.0,5,47,1,0
C/2004 S4 (SOHO),1.0,7,257,1,0
C/2007 K21 (SOHO),1.0,3,1,1,0
C/2004 R4 (SOHO),1.0,1,1,1,0
C/2004 R5 (SOHO),1.0,1,0,1,0
C/2004 R6 (SOHO),1.0,1,1,1,0
C/2004 R7 (SOHO),1.0,1,0,1,0
C/2004 S2 (SOHO),1.0,1,1,1,0
C/2004 S3 (SOHO),1.0,1,1,1,0
C/2004 T2 (SOHO),1.0,1,0,0,0
C/2004 U4 (SOHO),1.0,1,1,1,0
C/2004 T4 (SOHO),1.0,1,1,1,0
C/2004 T5 (SOHO),1.0,1,1,1,0
C/2004 T6 (SOHO),1.0,7,257,1,0
C/2004 T7 (SOHO),1.0,1,1,1,0
C/2004 T8 (SOHO),1.0,1,1,1,0
C/2004 U2 (SOHO),1.0,1,0,0,0
C/2004 U3 (SOHO),1.0,1,0,0,0
C/1999 K14 (SOHO),1.0,1,1,1,0
C/1998 G8 (SOHO),1.0,3,23,1,0
C/1999 K12 (SOHO),1.0,3,7,1,0
C/2007 W7 (SOHO),1.0,1,1,1,0
C/1826 U1 (Pons),1.0,1,0,0,0
C/2007 W6 (SOHO),1.0,7,257,1,0
C/2007 W8 (SOHO),1.0,1,0,1,0
C/2007 W9 (SOHO),1.0,1,1,1,0
C/1816 B1 (Pons),1.0,1,0,0,0
C/1945 X1 (du Toit),1.0,1,1,1,0
C/2007 V10 (SOHO),1.0,1,0,0,0
C/2007 V11 (SOHO),1.0,1,1,1,0
C/2007 V12 (SOHO),1.0,1,1,1,0
C/2007 V13 (SOHO),1.0,1,1,1,0
C/2007 V9 (SOHO),1.0,1,1,1,0
C/2007 V7 (SOHO),1.0,1,1,1,0
C/1983 N2 (SOLWIND),1.0,7,257,1,0
C/1981 W1 (SOLWIND),1.0,1,1,1,0
C/1981 V1 (SOLWIND),1.0,5,47,1,0
C/1981 O1 (SOLWIND),1.0,1,1,1,0
C/1981 B1 (SOLWIND),1.0,1,1,1,0
C/1979 Q1 (SOLWIND),1.0,1,1,1,0
C/2007 V6 (SOHO),1.0,1,1,1,0
C/2007 V8 (SOHO),1.0,7,257,1,0
C/2007 V14 (SOHO),1.0,1,1,1,0
C/2007 W5 (SOHO),1.0,1,0,1,0
C/1874 D1 (Winnecke),1.0,1,0,0,0
C/1999 K11 (SOHO),1.0,3,23,1,0
C/1887 B1 (Great southern comet),1.0,1,1,1,0
C/2007 W4 (SOHO),1.0,1,0,1,0
C/2007 V5 (SOHO),1.0,3,23,1,0
C/2007 Y5 (SOHO),1.0,1,0,1,0
C/2007 X9 (SOHO),1.0,1,1,1,0
C/2007 X10 (SOHO),1.0,5,147,1,0
C/2007 X11 (SOHO),1.0,1,1,1,0
C/2007 X12 (SOHO),1.0,1,0,1,0
C/2007 X13 (SOHO),1.0,1,1,1,0
C/2007 X15 (SOHO),1.0,1,1,1,0
C/2007 Y3 (SOHO),1.0,7,257,1,0
C/2007 Y4 (SOHO),1.0,1,0,0,0
C/2007 Y6 (SOHO),1.0,1,0,1,0
C/2007 X7 (SOHO),1.0,1,0,0,0
C/2007 Y7 (SOHO),1.0,7,257,1,0
C/2007 Y8 (SOHO),1.0,1,0,0,0
C/2007 Y9 (SOHO),1.0,3,23,1,0
C/2007 Y10 (SOHO),1.0,3,15,1,0
C/2008 A3 (SOHO),1.0,1,0,0,0
C/2008 B1 (SOHO),1.0,3,3,1,0
C/2008 B2 (SOHO),1.0,5,109,1,0
C/2008 B3 (SOHO),1.0,3,23,1,0
C/2008 B4 (SOHO),1.0,1,1,1,0
C/2007 X8 (SOHO),1.0,1,1,1,0
C/2007 X6 (SOHO),1.0,1,0,1,0
C/2008 C4 (SOHO),1.0,1,1,1,0
C/2007 X5 (SOHO),1.0,3,23,1,0
C/2007 W10 (SOHO),1.0,1,1,1,0
C/2007 W11 (SOHO),1.0,1,0,1,0
C/2007 W12 (SOHO),1.0,3,3,1,0
C/2007 X1 (SOHO),1.0,1,0,0,0
C/2007 X2 (SOHO),1.0,3,1,1,0
C/2007 X3 (SOHO),1.0,1,1,1,0
C/2007 X4 (SOHO),1.0,1,1,1,0
C/2008 C3 (SOHO),1.0,1,0,0,0
C/2008 C5 (SOHO),1.0,3,5,1,0
C/2008 J9 (SOHO),1.0,1,1,1,0
C/2008 H3 (SOHO),1.0,7,387,1,0
C/2008 H5 (SOHO),1.0,1,1,1,0
C/2008 H6 (SOHO),1.0,1,0,1,0
C/2008 H7 (SOHO),1.0,1,0,1,0
C/2008 H8 (SOHO),1.0,1,1,1,0
C/2008 H9 (SOHO),1.0,3,23,1,0
C/2008 J7 (SOHO),1.0,3,1,1,0
C/2008 J8 (SOHO),1.0,1,1,1,0
C/2008 J10 (SOHO),1.0,1,0,0,0
C/2008 G6 (SOHO),1.0,1,0,0,0
C/2008 J11 (SOHO),1.0,1,0,1,0
C/2008 J13 (SOHO),1.0,1,0,1,0
C/2008 J14 (SOHO),1.0,5,47,1,0
C/2008 J15 (SOHO),1.0,1,1,1,0
C/2008 J16 (SOHO),1.0,1,1,1,0
C/2008 H2 (SOHO),1.0,1,1,1,0
C/2008 G5 (SOHO),1.0,1,1,1,0
C/2008 C6 (SOHO),1.0,1,1,1,0
C/2008 D7 (SOHO),1.0,1,1,1,0
C/2008 C7 (SOHO),1.0,5,65,1,0
C/2008 C8 (SOHO),1.0,1,1,1,0
C/2008 D1 (STEREO),1.0,1,0,1,0
C/2008 D2 (STEREO),1.0,1,1,1,0
C/2008 D3 (STEREO),1.0,1,1,1,0
C/2008 D4 (STEREO),1.0,7,257,1,0
C/2008 D5 (SOHO),1.0,7,257,1,0
C/2008 D6 (SOHO),1.0,1,0,0,0
C/2008 D8 (SOHO),1.0,1,1,1,0
C/2008 G4 (SOHO),1.0,7,257,1,0
C/2008 D9 (SOHO),1.0,1,1,1,0
C/2008 E5 (STEREO),1.0,1,1,1,0
C/2008 E6 (STEREO),1.0,1,1,1,0
C/2008 E8 (SOHO),1.0,3,3,1,0
C/2008 E9 (SOHO),1.0,1,1,1,0
C/2008 F1 (SOHO),1.0,1,0,0,0
C/2008 G3 (SOHO),1.0,3,23,1,0
C/1695 U1,1.0,1,0,0,0
C/1983 S2 (SOLWIND),1.0,1,1,1,0
C/1997 V6 (SOHO),1.0,1,1,1,0
C/1997 R2 (SOHO),1.0,1,1,1,0
C/1997 Q2 (SOHO),1.0,1,1,1,0
C/1997 Q1 (SOHO),1.0,1,1,1,0
C/1997 P5 (SOHO),1.0,1,1,1,0
C/1997 P4 (SOHO),1.0,1,1,1,0
C/1997 P3 (SOHO),1.0,1,1,1,0
C/1997 P1 (SOHO),1.0,3,1,1,0
C/1997 O3 (SOHO),1.0,1,1,1,0
C/1997 O2 (SOHO),1.0,1,0,0,0
C/1997 N3 (SOHO),1.0,3,13,1,0
C/1997 M5 (SOHO),1.0,3,13,1,0
C/1997 M4 (SOHO),1.0,1,1,1,0
C/1997 M3 (SOHO),1.0,3,5,1,0
C/1997 M1 (SOHO),1.0,1,0,1,0
C/1997 L5 (SOHO),1.0,1,0,1,0
C/1997 L4 (SOHO),1.0,1,1,1,0
C/1997 L3 (SOHO),1.0,1,0,1,0
C/1997 L2 (SOHO),1.0,1,0,0,0
C/1997 K7 (SOHO),1.0,1,0,1,0
C/1997 K6 (SOHO),1.0,1,1,1,0
C/1997 K5 (SOHO),1.0,1,1,1,0
C/1997 K4 (SOHO),1.0,3,5,1,0
C/1997 K3 (SOHO),1.0,3,1,1,0
C/1997 K1 (SOHO),1.0,1,1,1,0
C/1997 J5 (SOHO),1.0,3,1,1,0
C/1997 J4 (SOHO),1.0,1,1,1,0
C/1997 J3 (SOHO),1.0,3,1,1,0
C/1997 R1 (SOHO),1.0,1,1,1,0
C/1997 R3 (SOHO),1.0,1,1,1,0
C/1997 W2 (SOHO),1.0,3,23,1,0
C/1997 S1 (SOHO),1.0,1,0,1,0
C/1997 V8 (SOHO),1.0,1,0,1,0
C/1997 V7 (SOHO),1.0,1,0,0,0
C/1984 O2 (SOLWIND),1.0,1,0,0,0
C/1997 V5 (SOHO),1.0,3,1,1,0
C/1997 V4 (SOHO),1.0,3,23,1,0
C/1997 V3 (SOHO),1.0,1,1,1,0
C/1997 V2 (SOHO),1.0,1,1,1,0
C/1997 U9 (SOHO),1.0,1,0,0,0
C/1997 U7 (SOHO),1.0,1,1,1,0
C/1997 U6 (SOHO),1.0,1,1,1,0
C/1997 U5 (SOHO),1.0,1,1,1,0
C/1997 U4 (SOHO),1.0,3,23,1,0
C/1997 U3 (SOHO),1.0,1,0,1,0
C/1997 U2 (SOHO),1.0,1,1,1,0
C/1997 U1 (SOHO),1.0,1,0,1,0
C/1997 T8 (SOHO),1.0,1,0,1,0
C/1997 T7 (SOHO),1.0,1,1,1,0
C/1997 T6 (SOHO),1.0,3,23,1,0
C/1997 T5 (SOHO),1.0,1,1,1,0
C/1997 T4 (SOHO),1.0,1,1,1,0
C/1997 T2 (SOHO),1.0,7,387,1,0
C/1997 S5 (SOHO),1.0,1,1,1,0
C/1997 S4 (SOHO),1.0,1,0,0,0
C/1997 S3 (SOHO),1.0,1,1,1,0
C/1997 S2 (SOHO),1.0,1,1,1,0
C/1997 H4 (SOHO),1.0,1,0,0,0
C/1997 H3 (SOHO),1.0,1,1,1,0
C/1996 O2 (SOHO),1.0,1,1,1,0
C/1996 O1 (SOHO),1.0,3,7,1,0
C/1996 M3 (SOHO),1.0,3,7,1,0
C/1996 M2 (SOHO),1.0,3,23,1,0
C/1996 M1 (SOHO),1.0,1,1,1,0
C/1996 L2 (SOHO),1.0,1,1,1,0
C/1996 L1 (SOHO),1.0,3,23,1,0
C/1996 H1 (SOHO),1.0,1,0,1,0
C/1996 F2 (SOHO),1.0,1,1,1,0
C/1996 E2 (SOHO),1.0,3,1,1,0
C/1996 D1 (SOHO),1.0,1,1,1,0
C/1996 B5 (SOHO),1.0,3,23,1,0
C/1996 B4 (SOHO),1.0,3,23,1,0
C/1996 B3 (SOHO),1.0,1,1,1,0
C/1996 A2 (SOHO),1.0,1,1,1,0
C/2007 S10 (SOHO),1.0,7,257,1,0
C/2007 S11 (SOHO),1.0,1,0,0,0
C/2007 T7 (SOHO),1.0,1,1,1,0
C/2007 T8 (SOHO),1.0,7,257,1,0
C/2007 T9 (SOHO),1.0,7,257,1,0
C/2007 T10 (SOHO),1.0,7,257,1,0
C/2007 T11 (SOHO),1.0,3,23,1,0
C/2007 T12 (SOHO),1.0,3,23,1,0
C/2007 T13 (SOHO),1.0,7,257,1,0
C/2007 T14 (SOHO),1.0,1,1,1,0
C/2007 U3 (SOHO),1.0,1,0,1,0
C/1996 O3 (SOHO),1.0,1,1,1,0
C/1996 O4 (SOHO),1.0,1,1,1,0
C/1996 Q2 (SOHO),1.0,1,0,1,0
C/2007 S8 (SOHO),1.0,1,1,1,0
C/1997 G6 (SOHO),1.0,3,23,1,0
C/1997 G5 (SOHO),1.0,7,257,1,0
C/1997 G4 (SOHO),1.0,3,23,1,0
C/1997 G3 (SOHO),1.0,3,23,1,0
C/1997 E2 (SOHO),1.0,3,23,1,0
C/1997 B5 (SOHO),1.0,1,0,0,0
C/1997 B4 (SOHO),1.0,1,0,0,0
C/1997 B3 (SOHO),1.0,3,3,1,0
C/1997 B2 (SOHO),1.0,1,1,1,0
C/1996 Y2 (SOHO),1.0,3,5,1,0
C/1996 Q3 (SOHO),1.0,1,1,1,0
C/1996 Y1 (SOHO),1.0,3,1,1,0
C/1996 X2 (SOHO),1.0,1,1,1,0
C/1996 X1 (SOHO),1.0,3,19,1,0
C/1996 V2 (SOHO),1.0,1,0,0,0
C/1996 V1 (SOHO),1.0,1,1,1,0
C/1996 S3 (SOHO),1.0,3,13,1,0
C/1996 R5 (SOHO),1.0,1,1,1,0
C/1996 R4 (SOHO),1.0,3,1,1,0
C/2007 S9 (SOHO),1.0,1,0,1,0
C/1997 W1 (SOHO),1.0,3,1,1,0
C/1997 W3 (SOHO),1.0,3,1,1,0
C/2007 U5 (SOHO),1.0,3,23,1,0
C/1999 C1 (SOHO),1.0,1,1,1,0
C/1998 X12 (SOHO),1.0,1,1,1,0
C/1998 X11 (SOHO),1.0,7,257,1,0
C/1998 X10 (SOHO),1.0,3,23,1,0
C/1998 X9 (SOHO),1.0,1,1,1,0
C/1998 X8 (SOHO),1.0,3,1,1,0
C/1998 X7 (SOHO),1.0,1,1,1,0
C/1998 X6 (SOHO),1.0,3,19,1,0
C/1998 X5 (SOHO),1.0,1,1,1,0
C/1998 X4 (SOHO),1.0,1,1,1,0
C/1998 X3 (SOHO),1.0,1,1,1,0
C/1998 W8 (SOHO),1.0,1,0,1,0
C/1998 W6 (SOHO),1.0,1,1,1,0
C/1998 W5 (SOHO),1.0,1,0,1,0
C/1998 W4 (SOHO),1.0,1,1,1,0
C/2007 S5 (SOHO),1.0,7,185,1,0
C/1998 V9 (SOHO),1.0,1,1,1,0
C/1998 V8 (SOHO),1.0,1,0,0,0
C/1998 V7 (SOHO),1.0,1,1,1,0
C/1998 V6 (SOHO),1.0,1,1,1,0
C/1998 V5 (SOHO),1.0,1,1,1,0
C/1998 V4 (SOHO),1.0,3,23,1,0
C/1998 V3 (SOHO),1.0,3,1,1,0
C/1998 V2 (SOHO),1.0,1,1,1,0
C/1998 V1 (SOHO),1.0,7,257,1,0
C/1998 U7 (SOHO),1.0,1,1,1,0
C/1998 U6 (SOHO),1.0,1,1,1,0
C/2007 S4 (SOHO),1.0,3,23,1,0
C/1999 C2 (SOHO),1.0,1,0,1,0
C/1997 X1 (SOHO),1.0,1,1,1,0
C/2007 S3 (SOHO),1.0,1,1,1,0
C/1999 K10 (SOHO),1.0,3,1,1,0
C/1999 K9 (SOHO),1.0,3,7,1,0
C/2007 R8 (SOHO),1.0,1,1,1,0
C/2007 R9 (SOHO),1.0,1,1,1,0
C/1999 K1 (SOHO),1.0,1,1,1,0
C/1999 J13 (SOHO),1.0,1,0,1,0
C/1999 J12 (SOHO),1.0,1,1,1,0
C/1999 J11 (SOHO),1.0,1,1,1,0
C/1999 J10 (SOHO),1.0,1,1,1,0
C/1999 J9 (SOHO),1.0,3,23,1,0
C/1999 J8 (SOHO),1.0,3,5,1,0
C/1999 J7 (SOHO),1.0,1,1,1,0
C/1999 J1 (SOHO),1.0,1,1,1,0
C/1999 H9 (SOHO),1.0,1,1,1,0
C/1999 H8 (SOHO),1.0,3,23,1,0
C/1999 H7 (SOHO),1.0,1,0,1,0
C/1999 H6 (SOHO),1.0,1,1,1,0
C/1999 H5 (SOHO),1.0,1,1,1,0
C/1999 H4 (SOHO),1.0,3,1,1,0
C/1999 H2 (SOHO),1.0,1,1,1,0
C/1999 G5 (SOHO),1.0,1,1,1,0
C/1999 G4 (SOHO),1.0,3,1,1,0
C/1999 G3 (SOHO),1.0,1,1,1,0
C/1999 G2 (SOHO),1.0,7,257,1,0
C/2007 R10 (SOHO),1.0,1,0,0,0
C/1999 F3 (SOHO),1.0,1,0,0,0
C/1999 E2 (SOHO),1.0,1,1,1,0
C/1998 T2 (SOHO),1.0,7,257,1,0
C/1998 M10 (SOHO),1.0,1,1,1,0
C/1998 M9 (SOHO),1.0,3,7,1,0
C/1998 M8 (SOHO),1.0,3,1,1,0
C/1998 H3 (SOHO),1.0,1,1,1,0
C/1998 H2 (SOHO),1.0,1,1,1,0
C/1998 G9 (SOHO),1.0,1,0,0,0
C/2007 J9 (SOHO),1.0,3,19,1,0
C/1998 G7 (SOHO),1.0,1,1,1,0
C/1998 G6 (SOHO),1.0,1,1,1,0
C/1998 G5 (SOHO),1.0,3,23,1,0
C/1998 G4 (SOHO),1.0,1,1,1,0
C/1998 G3 (SOHO),1.0,1,0,0,0
C/1998 G2 (SOHO),1.0,7,257,1,0
C/2007 S7 (SOHO),1.0,3,23,1,0
C/1998 F2 (SOHO),1.0,3,23,1,0
C/1998 F1 (SOHO),1.0,1,1,1,0
C/1998 E1 (SOHO),1.0,1,1,1,0
C/1998 B2 (SOHO),1.0,7,257,1,0
C/1998 A2 (SOHO),1.0,1,0,0,0
C/1998 A1 (SOHO),1.0,1,1,1,0
C/1997 Y3 (SOHO),1.0,3,3,1,0
C/1997 Y2 (SOHO),1.0,1,1,1,0
C/1997 Y1 (SOHO),1.0,1,1,1,0
C/1997 X7 (SOHO),1.0,1,0,0,0
C/1997 X6 (SOHO),1.0,3,3,1,0
C/1997 X5 (SOHO),1.0,1,1,1,0
C/1997 X4 (SOHO),1.0,1,1,1,0
C/1997 X3 (SOHO),1.0,3,1,1,0
C/1998 H4 (SOHO),1.0,3,23,1,0
C/1998 H5 (SOHO),1.0,7,257,1,0
C/1998 H6 (SOHO),1.0,3,23,1,0
C/1998 K16 (SOHO),1.0,1,1,1,0
C/1998 M7 (SOHO),1.0,1,1,1,0
C/1998 L10 (SOHO),1.0,1,1,1,0
C/1998 L9 (SOHO),1.0,1,1,1,0
C/1998 L8 (SOHO),1.0,3,3,1,0
C/1998 L7 (SOHO),1.0,1,0,0,0
C/1998 L6 (SOHO),1.0,1,1,1,0
C/1998 L5 (SOHO),1.0,3,1,1,0
C/1998 L4 (SOHO),1.0,1,0,1,0
C/1998 L3 (SOHO),1.0,3,23,1,0
C/1998 L2 (SOHO),1.0,1,0,1,0
C/1998 L1 (SOHO),1.0,1,1,1,0
C/1998 K17 (SOHO),1.0,1,1,1,0
C/1998 K15 (SOHO),1.0,1,1,1,0
C/1998 J2 (SOHO),1.0,3,1,1,0
C/1998 K14 (SOHO),1.0,1,1,1,0
C/1998 K13 (SOHO),1.0,1,1,1,0
C/1998 K12 (SOHO),1.0,1,1,1,0
C/1998 K11 (SOHO),1.0,3,23,1,0
C/1998 K10 (SOHO),1.0,1,1,1,0
C/1998 K9 (SOHO),1.0,3,5,1,0
C/1998 K8 (SOHO),1.0,1,1,1,0
C/1998 K7 (SOHO),1.0,1,1,1,0
C/2007 S6 (SOHO),1.0,1,1,1,0
C/1998 J5 (SOHO),1.0,1,0,1,0
C/1998 J4 (SOHO),1.0,7,257,1,0
C/1998 J3 (SOHO),1.0,1,1,1,0
C/2007 U4 (SOHO),1.0,1,1,1,0
C/2007 J8 (SOHO),1.0,1,0,1,0
C/2007 U6 (SOHO),1.0,3,23,1,0
C/2007 U7 (SOHO),1.0,1,0,0,0
C/1989 S1 (SMM),1.0,5,75,1,0
C/1988 U1 (SMM),1.0,1,1,1,0
C/1989 N3 (SMM),1.0,3,19,1,0
C/1989 L1 (SMM),1.0,5,29,1,0
C/1987 T2 (SMM),1.0,1,1,1,0
C/1988 W1 (SMM),1.0,3,13,1,0
C/1987 U4 (SMM),1.0,1,1,1,0
C/1988 M1 (SMM),1.0,1,1,1,0
C/1988 Q1 (SMM),1.0,3,11,1,0
C/2007 U13 (SOHO),1.0,3,23,1,0
C/1988 T1 (SMM),1.0,1,0,1,0
C/2007 V4 (SOHO),1.0,1,1,1,0
C/2007 V3 (SOHO),1.0,1,1,1,0
C/1984 Q1 (SOLWIND),1.0,7,257,1,0
C/2007 U8 (SOHO),1.0,7,257,1,0
C/2007 U9 (SOHO),1.0,3,23,1,0
C/2007 U10 (SOHO),1.0,3,23,1,0
C/2007 U11 (SOHO),1.0,1,0,1,0
C/2007 U12 (SOHO),1.0,1,0,1,0
P/2020 K9 (Lemmon-PANSTARRS),0.32212437,1,0,0,0
